caldwra02,caldwra02_1911_NYY,1911_NYY_MLB,1911,X,L,D,D,12,0,0,D,1,15,6,LLLLLLOOOLO
bargecy01,bargecy01_1911_BRO,1911_BRO_MLB,1911,X,L,C,D,10,0,0,D,0,13,11,LLLL-------
cranddo01,cranddo01_1911_NYG,1911_NYG_MLB,1911,X,R,D,B,10,1,1,D,0,20,6,--L--------
bradlhu01,bradlhu01_1911_BOS,1911_BOS_MLB,1911,H,R,C,D,13,1,1,D,1,15,8,-LLLLLLOO-O
carribi02,carribi02_1911_BOS,1911_BOS_MLB,1911,H,R,C,B,10,0,1,D,1,15,5,LLLLLO-OL-L
englecl01,englecl01_1911_BOS,1911_BOS_MLB,1911,H,R,A,B,14,0,1,B,1,15,7,LLLLLLOOOLL
gardnla01,gardnla01_1911_BOS,1911_BOS_MLB,1911,H,L,A,C,14,1,1,A,1,15,8,LLLLLLLOOLO
henriol01,henriol01_1911_BOS,1911_BOS_MLB,1911,H,L,D,C,15,0,0,D,1,15,4,LLLLLOLOOOO
hoopeha01,hoopeha01_1911_BOS,1911_BOS_MLB,1911,H,L,A,B,16,0,1,A,1,17,13,LLLLL----LL
lewisdu01,lewisdu01_1911_BOS,1911_BOS_MLB,1911,H,R,A,C,14,1,1,C,1,15,6,LLLLLLOOOLO
lewisja01,lewisja01_1911_BOS,1911_BOS_MLB,1911,H,R,C,D,11,0,0,C,0,13,6,--L--------
myersha01,myersha01_1911_BOS,1911_BOS_MLB,1911,H,R,C,C,15,0,0,C,1,15,8,LLLLLLLOOLO
nunamle01,nunamle01_1911_BOS,1911_BOS_MLB,1911,H,R,A,D,10,0,0,E,0,13,4,----LL-OOOO
purtebi01,purtebi01_1911_BOS,1911_BOS_MLB,1911,H,R,D,B,11,0,0,D,1,15,1,LLLOOOOOOOL
riggejo01,riggejo01_1911_BOS,1911_BOS_MLB,1911,H,R,B,D,14,1,1,B,1,19,12,--L-L------
speaktr01,speaktr01_1911_BOS,1911_BOS_MLB,1911,H,L,A,B,17,1,1,A,1,15,8,LLLLLLLOOLO
wagnehe01,wagnehe01_1911_BOS,1911_BOS_MLB,1911,H,R,B,D,14,1,0,B,1,15,13,LLLLLLLLLLL
williri01,williri01_1911_BOS,1911_BOS_MLB,1911,H,R,A,C,11,0,0,B,1,15,13,LLLLLL-----
yerkest02,yerkest02_1911_BOS,1911_BOS_MLB,1911,H,R,A,B,13,0,1,C,1,15,6,LLLLLLOOOLO
barrocu01,barrocu01_1911_CHW,1911_CHW_MLB,1911,H,R,C,C,13,0,0,C,1,20,11,--L--------
blockbr01,blockbr01_1911_CHW,1911_CHW_MLB,1911,H,R,D,D,8,0,1,E,0,3,1,LLLLL----LL
bodiepi01,bodiepi01_1911_CHW,1911_CHW_MLB,1911,H,R,B,D,14,0,1,C,1,15,8,-LLLLLLOO-O
callani01,callani01_1911_CHW,1911_CHW_MLB,1911,H,R,A,B,15,0,1,AA,1,19,15,LLLLL-----L
collish01,collish01_1911_CHW,1911_CHW_MLB,1911,H,R,A,C,13,0,1,B,1,15,8,LLLLLLLOOLO
corharo01,corharo01_1911_CHW,1911_CHW_MLB,1911,H,R,B,D,11,0,0,D,1,15,4,LLLLLOOOOLL
doughpa01,doughpa01_1911_CHW,1911_CHW_MLB,1911,H,L,B,C,14,0,0,A,1,17,15,LLLLL----LL
joneste01,joneste01_1911_CHW,1911_CHW_MLB,1911,H,R,C,D,13,0,0,D,1,15,8,LLLLLLLOOLO
lordha01,lordha01_1911_CHW,1911_CHW_MLB,1911,H,L,A,B,16,1,1,A,1,15,13,LLLLLLLLLLL
mcconam01,mcconam01_1911_CHW,1911_CHW_MLB,1911,H,L,A,B,14,0,0,D,1,15,5,LLLLLOO-L-L
mcintma01,mcintma01_1911_CHW,1911_CHW_MLB,1911,H,L,A,C,13,0,0,B,1,15,8,LLLLLLO--LL
mullech01,mullech01_1911_CHW,1911_CHW_MLB,1911,H,R,C,B,12,0,0,D,0,20,6,-L---------
paynefr01,paynefr01_1911_CHW,1911_CHW_MLB,1911,H,R,A,B,10,0,1,B,1,15,13,LLLLLLLLLL-
sullibi03,sullibi03_1911_CHW,1911_CHW_MLB,1911,H,R,A,D,9,0,0,E,0,20,6,L----------
tannele01,tannele01_1911_CHW,1911_CHW_MLB,1911,H,R,A,B,10,0,0,E,0,0,0,-----------
zeidero01,zeidero01_1911_CHW,1911_CHW_MLB,1911,H,R,A,B,16,1,1,A,1,15,13,LLLLLLLLLLL
ballne01,ballne01_1911_CLE,1911_CLE_MLB,1911,H,R,A,D,13,0,1,A,1,17,13,LLLLL------
birmijo01,birmijo01_1911_CLE,1911_CLE_MLB,1911,H,R,B,B,12,0,1,C,1,15,7,LLLLLLLOOOO
butchha01,butchha01_1911_CLE,1911_CLE_MLB,1911,H,R,C,D,14,1,0,C,1,15,9,LLLLLLLLOOL
eastete01,eastete01_1911_CLE,1911_CLE_MLB,1911,H,L,A,C,10,0,1,C,1,15,8,LLLLLL-O-L-
fishegu01,fishegu01_1911_CLE,1911_CLE_MLB,1911,H,L,B,D,10,0,0,C,1,15,9,LLLLLLLLOOO
graneja01,graneja01_1911_CLE,1911_CLE_MLB,1911,H,L,B,D,14,0,0,B,1,15,7,LLLLLLOLOOO
griggar01,griggar01_1911_CLE,1911_CLE_MLB,1911,H,R,D,D,12,1,1,D,1,15,7,LLLLLO---LL
jacksjo01,jacksjo01_1911_CLE,1911_CLE_MLB,1911,H,L,B,B,17,0,1,A,1,15,11,LLLLLLLLOLO
knaupco01,knaupco01_1911_CLE,1911_CLE_MLB,1911,H,R,C,D,12,0,0,B,1,17,12,----LL-----
lajoina01,lajoina01_1911_CLE,1911_CLE_MLB,1911,H,R,B,B,11,0,1,B,1,15,11,-LLLLL----O
landgr01,landgr01_1911_CLE,1911_CLE_MLB,1911,H,R,D,C,9,0,0,D,1,15,13,LLLLLL---L-
lindsbi01,lindsbi01_1911_CLE,1911_CLE_MLB,1911,H,L,D,C,13,0,0,D,1,15,2,LLLLOOOOOLO
olsoniv01,olsoniv01_1911_CLE,1911_CLE_MLB,1911,H,R,A,B,13,0,1,B,1,15,9,LLLLLLLLOOO
smithsy01,smithsy01_1911_CLE,1911_CLE_MLB,1911,H,R,C,B,8,0,1,E,0,3,1,LLLLLLLLLLL
stovage01,stovage01_1911_CLE,1911_CLE_MLB,1911,H,R,C,B,10,0,0,C,1,15,4,LLLLLOOOOOL
turnete01,turnete01_1911_CLE,1911_CLE_MLB,1911,H,R,A,B,15,0,0,A,1,18,15,-LLLL------
baumapa01,baumapa01_1911_DET,1911_DET_MLB,1911,H,R,B,C,12,0,0,D,1,15,3,OLLLLOOOOOO
bushdo01,bushdo01_1911_DET,1911_DET_MLB,1911,H,S,A,B,17,1,0,A,1,15,13,LLLLLLLLLLL
caseyjo01,caseyjo01_1911_DET,1911_DET_MLB,1911,H,R,D,C,10,0,0,E,0,0,0,-----------
cobbty01,cobbty01_1911_DET,1911_DET_MLB,1911,H,L,A,B,17,1,1,AA,1,17,16,-LLLLLL----
crawfsa01,crawfsa01_1911_DET,1911_DET_MLB,1911,H,L,C,B,15,1,1,A,1,15,13,LLLLLLLL-L-
delahji01,delahji01_1911_DET,1911_DET_MLB,1911,H,R,A,C,9,1,1,C,1,15,4,LLLLLOLOOOO
drakede01,drakede01_1911_DET,1911_DET_MLB,1911,H,R,B,D,14,1,0,A,1,17,15,LLLLL-----L
gainede01,gainede01_1911_DET,1911_DET_MLB,1911,H,R,A,D,14,1,1,B,1,15,13,-LLLLLL----
jonesda01,jonesda01_1911_DET,1911_DET_MLB,1911,H,L,B,B,15,0,0,A,1,15,13,LLLLLLLLLLL
lathech01,lathech01_1911_DET,1911_DET_MLB,1911,H,L,C,D,11,0,0,E,0,0,0,-----------
moriage02,moriage02_1911_DET,1911_DET_MLB,1911,H,R,A,D,13,0,1,A,1,15,13,LLLLLLLLLLL
nessja01,nessja01_1911_DET,1911_DET_MLB,1911,H,R,C,D,12,0,0,E,0,0,0,-----------
o'leach01,o'leach01_1911_DET,1911_DET_MLB,1911,H,R,A,B,12,0,0,B,1,17,12,LLLL------L
schalbi01,schalbi01_1911_DET,1911_DET_MLB,1911,H,L,D,D,15,0,1,D,1,15,4,LLLLLOOOOLL
schmibo01,schmibo01_1911_DET,1911_DET_MLB,1911,H,S,D,C,8,0,0,E,0,0,0,-----------
stanaos01,stanaos01_1911_DET,1911_DET_MLB,1911,H,R,B,D,8,1,1,D,0,20,6,L----------
tutwigu01,tutwigu01_1911_DET,1911_DET_MLB,1911,H,L,C,C,12,0,0,E,0,0,0,-----------
blairwa01,blairwa01_1911_NYY,1911_NYY_MLB,1911,H,R,A,C,9,0,0,D,1,15,2,LLLLOOOOOOL
chaseha01,chaseha01_1911_NYY,1911_NYY_MLB,1911,H,R,A,B,15,1,1,A,1,15,13,LLLLLLLLLLL
creebi01,creebi01_1911_NYY,1911_NYY_MLB,1911,H,R,B,C,16,1,1,A,1,15,11,LLLLLLLLLLO
daniebe01,daniebe01_1911_NYY,1911_NYY_MLB,1911,H,R,A,B,15,1,1,A,1,15,11,LLLLLLLLOLO
dolanco02,dolanco02_1911_NYY,1911_NYY_MLB,1911,H,R,C,C,15,0,0,B,1,15,13,LLLLLLLLLLL
fitzgmi01,fitzgmi01_1911_NYY,1911_NYY_MLB,1911,H,L,C,D,14,0,0,B,1,18,12,---LL------
gardnea01,gardnea01_1911_NYY,1911_NYY_MLB,1911,H,R,A,B,11,0,0,B,1,15,11,LLLLLLL--O-
hartzro01,hartzro01_1911_NYY,1911_NYY_MLB,1911,H,L,A,B,12,0,1,B,1,15,6,LLLLLLOOOLO
hemphch01,hemphch01_1911_NYY,1911_NYY_MLB,1911,H,L,B,B,14,0,1,D,1,15,4,LLLLLOLOOOO
johnsot01,johnsot01_1911_NYY,1911_NYY_MLB,1911,H,S,A,D,13,1,1,B,1,15,13,LLLLLLLLL--
knighjo02,knighjo02_1911_NYY,1911_NYY_MLB,1911,H,R,B,D,12,1,1,C,1,15,6,LLLLLLOOOLO
magnest01,magnest01_1911_NYY,1911_NYY_MLB,1911,H,R,B,D,14,0,0,D,1,15,3,OLLLLOOOOOO
roachro01,roachro01_1911_NYY,1911_NYY_MLB,1911,H,R,C,D,12,0,0,E,0,3,1,LLLLLLLLLLL
sweenje02,sweenje02_1911_NYY,1911_NYY_MLB,1911,H,R,A,D,10,0,0,B,1,15,13,LLLLLLL----
willibo01,willibo01_1911_NYY,1911_NYY_MLB,1911,H,R,D,D,9,0,0,D,1,15,8,-LLLLLLOO--
wolteha01,wolteha01_1911_NYY,1911_NYY_MLB,1911,H,L,B,B,15,0,1,A,1,15,9,LLLLLLLOOLL
bakerfr01,bakerfr01_1911_PHA,1911_PHA_MLB,1911,H,L,A,B,16,1,1,A,1,15,13,LLLLLLLLLLL
barryja01,barryja01_1911_PHA,1911_PHA_MLB,1911,H,R,A,B,16,0,1,A,1,18,14,-LLLL------
collied01,collied01_1911_PHA,1911_PHA_MLB,1911,H,L,A,B,17,0,1,A,1,15,11,LLLLLLLLLOL
davisha01,davisha01_1911_PHA,1911_PHA_MLB,1911,H,R,D,C,10,0,1,D,0,20,6,L----------
derricl01,derricl01_1911_PHA,1911_PHA_MLB,1911,H,R,A,C,14,0,0,B,1,15,13,LLLLLLLLLLL
hartsto01,hartsto01_1911_PHA,1911_PHA_MLB,1911,H,L,B,D,12,0,0,E,0,0,0,-----------
lappja01,lappja01_1911_PHA,1911_PHA_MLB,1911,H,L,B,C,10,0,1,C,0,16,6,----L------
livinpa01,livinpa01_1911_PHA,1911_PHA_MLB,1911,H,R,D,B,9,0,0,D,1,15,3,OLLLLOOOOOO
lordbr01,lordbr01_1911_PHA,1911_PHA_MLB,1911,H,R,A,C,14,1,1,C,1,15,6,LLLLLLOOOOL
mcinnst01,mcinnst01_1911_PHA,1911_PHA_MLB,1911,H,R,A,B,15,1,1,A,1,15,13,-LLLLLLL---
murphda02,murphda02_1911_PHA,1911_PHA_MLB,1911,H,R,A,B,15,0,1,A,1,19,12,--LL-------
oldriru01,oldriru01_1911_PHA,1911_PHA_MLB,1911,H,R,A,B,15,1,1,B,1,15,11,LLLLLLL-OL-
strunam01,strunam01_1911_PHA,1911_PHA_MLB,1911,H,L,A,C,15,0,1,B,1,15,8,LLLLLLLOOLL
thomair01,thomair01_1911_PHA,1911_PHA_MLB,1911,H,R,C,B,8,0,0,D,1,15,4,LLLLLOOOOLL
austiji01,austiji01_1911_SLB,1911_SLB_MLB,1911,H,S,A,B,17,1,0,B,1,15,7,LLLLLLOLOOO
blackjo01,blackjo01_1911_SLB,1911_SLB_MLB,1911,H,R,C,D,11,0,0,C,1,18,12,--L-L------
clarkni01,clarkni01_1911_SLB,1911_SLB_MLB,1911,H,L,B,D,9,0,0,D,0,13,6,----L------
comptpe01,comptpe01_1911_SLB,1911_SLB_MLB,1911,H,L,D,D,15,0,0,D,1,15,7,LLLLLO--L--
crissdo01,crissdo01_1911_SLB,1911_SLB_MLB,1911,H,L,D,B,8,0,1,E,0,0,0,-----------
hallied01,hallied01_1911_SLB,1911_SLB_MLB,1911,H,R,D,D,12,0,0,C,1,18,11,-----L-----
hoffmda01,hoffmda01_1911_SLB,1911_SLB_MLB,1911,H,L,B,B,12,0,0,B,1,17,12,----LL-----
hoganwi01,hoganwi01_1911_SLB,1911_SLB_MLB,1911,H,R,A,C,13,0,1,C,1,15,4,LLLLLOLOOOO
krichpa01,krichpa01_1911_SLB,1911_SLB_MLB,1911,H,R,B,D,10,0,0,C,1,15,12,LLLLL---L--
kutinjo01,kutinjo01_1911_SLB,1911_SLB_MLB,1911,H,R,C,D,10,1,1,D,1,15,12,LLLLL---L--
laporfr01,laporfr01_1911_SLB,1911_SLB_MLB,1911,H,R,A,C,10,1,1,D,1,15,3,OLLLLOOOOOO
meloapa01,meloapa01_1911_SLB,1911_SLB_MLB,1911,H,L,A,C,12,0,1,D,1,15,7,LLLLLLOOOLL
murraji01,murraji01_1911_SLB,1911_SLB_MLB,1911,H,R,D,C,11,1,1,E,0,0,0,-----------
newnapa01,newnapa01_1911_SLB,1911_SLB_MLB,1911,H,L,D,D,13,0,0,B,1,19,13,----LL-----
rowanda01,rowanda01_1911_SLB,1911_SLB_MLB,1911,H,L,D,B,10,0,0,E,0,0,0,-----------
schweal01,schweal01_1911_SLB,1911_SLB_MLB,1911,H,R,C,D,12,0,0,C,1,15,6,LLLLLLOOOOO
shottbu01,shottbu01_1911_SLB,1911_SLB_MLB,1911,H,L,B,D,14,0,0,A,1,15,11,LLLLLLL-OL-
stephji01,stephji01_1911_SLB,1911_SLB_MLB,1911,H,R,C,D,9,0,0,E,0,20,6,L----------
wallabo01,wallabo01_1911_SLB,1911_SLB_MLB,1911,H,R,C,C,11,0,0,C,0,16,6,----L------
ainsmed01,ainsmed01_1911_WSH,1911_WSH_MLB,1911,H,R,D,D,10,0,0,B,1,19,12,--LL-------
conrowi01,conrowi01_1911_WSH,1911_WSH_MLB,1911,H,R,B,B,14,0,1,C,1,15,9,LLLLLLLLOOO
cunnibi01,cunnibi01_1911_WSH,1911_WSH_MLB,1911,H,R,A,D,12,0,1,C,1,15,9,LLLLLLLOOLL
elberki01,elberki01_1911_WSH,1911_WSH_MLB,1911,H,R,A,B,13,0,0,C,1,15,4,LLLLLOLOOOO
gessldo01,gessldo01_1911_WSH,1911_WSH_MLB,1911,H,L,B,C,13,1,1,A,1,15,11,LLLLLLLLOL-
henryjo02,henryjo02_1911_WSH,1911_WSH_MLB,1911,H,R,B,D,11,0,0,B,1,19,11,----L------
lelivja01,lelivja01_1911_WSH,1911_WSH_MLB,1911,H,L,B,C,11,0,0,D,1,15,7,LLLLLLOOOLL
longto01,longto01_1911_WSH,1911_WSH_MLB,1911,H,R,C,D,15,0,0,B,1,19,13,----LL-----
mcbrige01,mcbrige01_1911_WSH,1911_WSH_MLB,1911,H,R,B,C,12,0,0,C,1,15,8,LLLLLLLOOOL
milancl01,milancl01_1911_WSH,1911_WSH_MLB,1911,H,L,B,B,17,1,1,AA,1,17,15,LLLLL----L-
millewa01,millewa01_1911_WSH,1911_WSH_MLB,1911,H,L,C,D,12,0,0,E,0,0,0,-----------
morgara01,morgara01_1911_WSH,1911_WSH_MLB,1911,H,R,B,D,14,0,0,C,1,15,8,LLLLLLLOOLO
schaege01,schaege01_1911_WSH,1911_WSH_MLB,1911,H,R,A,B,14,0,0,B,1,15,8,LLLLLLLOOOL
somerjo01,somerjo01_1911_WSH,1911_WSH_MLB,1911,H,R,C,D,12,0,0,C,1,15,13,LLLLLLLLLLL
streega01,streega01_1911_WSH,1911_WSH_MLB,1911,H,R,B,C,8,0,0,C,1,18,6,----L------
walketi01,walketi01_1911_WSH,1911_WSH_MLB,1911,H,R,A,D,14,1,1,C,1,15,8,LLLLLLLOOLL
bergebi01,bergebi01_1911_BRO,1911_BRO_MLB,1911,H,R,A,D,8,0,0,D,0,20,6,-L---------
burchal01,burchal01_1911_BRO,1911_BRO_MLB,1911,H,L,C,C,12,0,0,D,1,15,4,LLLLLOOOOLL
coulsbo01,coulsbo01_1911_BRO,1911_BRO_MLB,1911,H,R,A,D,14,0,0,A,1,15,9,LLLLLLLLOOL
daleyju01,daleyju01_1911_BRO,1911_BRO_MLB,1911,H,L,C,C,12,0,0,C,1,15,13,-LLLLLL----
daubeja01,daubeja01_1911_BRO,1911_BRO_MLB,1911,H,L,A,B,16,0,1,A,1,15,9,LLLLLLLLOOO
davidbi01,davidbi01_1911_BRO,1911_BRO_MLB,1911,H,R,B,B,15,0,1,A,1,19,14,--LLL------
erwinte01,erwinte01_1911_BRO,1911_BRO_MLB,1911,H,L,C,C,10,0,1,B,1,15,11,-LLLL------
hummejo01,hummejo01_1911_BRO,1911_BRO_MLB,1911,H,R,B,D,12,1,1,B,1,15,10,L-LLLL----O
milleot01,milleot01_1911_BRO,1911_BRO_MLB,1911,H,R,D,B,10,0,0,C,1,20,11,--L--------
myershy01,myershy01_1911_BRO,1911_BRO_MLB,1911,H,R,D,C,14,0,0,D,1,15,4,LLLLLOOOOLL
northhu01,northhu01_1911_BRO,1911_BRO_MLB,1911,H,L,D,C,13,0,0,B,1,15,13,LLLLLL----L
smithre02,smithre02_1911_BRO,1911_BRO_MLB,1911,H,R,C,C,12,0,0,B,1,19,13,---LL------
smithto03,smithto03_1911_BRO,1911_BRO_MLB,1911,H,R,D,D,12,0,0,D,1,15,8,LLLLLL-OOLL
starkdo01,starkdo01_1911_BRO,1911_BRO_MLB,1911,H,R,A,C,13,0,0,C,1,15,9,LLLLLLL-OOL
toolebe01,toolebe01_1911_BRO,1911_BRO_MLB,1911,H,R,C,C,15,0,1,A,1,18,13,LLLL-------
wheatza01,wheatza01_1911_BRO,1911_BRO_MLB,1911,H,L,A,C,14,0,1,B,1,15,9,LLLLLLLOOLL
zimmeed01,zimmeed01_1911_BRO,1911_BRO_MLB,1911,H,R,A,C,11,0,1,B,1,16,12,LLLL------L
bridwal01,bridwal01_1911_BSN,1911_BSN_MLB,1911,H,L,A,B,12,0,0,D,1,15,4,LLLLLOOOOLL
butlear01,butlear01_1911_BSN,1911_BSN_MLB,1911,H,R,D,C,13,0,0,E,0,3,1,LLLLLLLLLLL
clarkjo02,clarkjo02_1911_BSN,1911_BSN_MLB,1911,H,L,D,D,14,0,1,D,1,15,7,LLLLLLOOOLL
donlimi01,donlimi01_1911_BSN,1911_BSN_MLB,1911,H,L,B,B,12,1,1,D,1,15,7,LLLLLLOOOLL
flahepa02,flahepa02_1911_BSN,1911_BSN_MLB,1911,H,L,D,C,11,0,1,C,1,15,7,LLLLLL-OOLL
gowdyha01,gowdyha01_1911_BSN,1911_BSN_MLB,1911,H,R,D,D,10,0,0,D,1,15,7,LLLLLL-O-OL
housebe01,housebe01_1911_BSN,1911_BSN_MLB,1911,H,L,D,C,10,0,1,C,1,15,12,LLLLL-----L
ingersc01,ingersc01_1911_BSN,1911_BSN_MLB,1911,H,R,B,C,11,1,1,D,1,15,5,LLLL-O-OL--
jacksge01,jacksge01_1911_BSN,1911_BSN_MLB,1911,H,R,C,D,14,0,0,A,1,19,13,----LL-----
jonesbi02,jonesbi02_1911_BSN,1911_BSN_MLB,1911,H,L,D,D,12,0,0,D,0,13,7,-LLLL--O---
kaiseal01,kaiseal01_1911_BSN,1911_BSN_MLB,1911,H,R,B,D,14,1,1,C,1,15,9,LLLLLLLLOOL
kirkeja01,kirkeja01_1911_BSN,1911_BSN_MLB,1911,H,L,C,B,11,0,0,D,1,15,6,LLLLLLOOOOO
klingjo01,klingjo01_1911_BSN,1911_BSN_MLB,1911,H,R,B,C,9,1,1,E,0,13,3,-----L--OOO
mcdoned02,mcdoned02_1911_BSN,1911_BSN_MLB,1911,H,R,D,D,12,0,1,B,1,17,13,LLLLL-----L
milledo03,milledo03_1911_BSN,1911_BSN_MLB,1911,H,L,A,B,13,0,1,A,1,15,13,LLLLLLLL---
raridbi01,raridbi01_1911_BSN,1911_BSN_MLB,1911,H,R,D,B,9,0,0,C,0,13,6,--L-L-----O
spratha01,spratha01_1911_BSN,1911_BSN_MLB,1911,H,L,C,C,12,1,1,D,1,15,2,LLLLOOOOOOL
steinha01,steinha01_1911_BSN,1911_BSN_MLB,1911,H,R,D,B,10,1,1,D,1,15,1,LLLOOOOOOLO
sweenbi02,sweenbi02_1911_BSN,1911_BSN_MLB,1911,H,R,A,B,15,1,1,A,1,15,8,LLLLLLLOOLL
tennefr02,tennefr02_1911_BSN,1911_BSN_MLB,1911,H,L,A,B,10,0,0,C,0,13,7,--LLL----O-
archeji01,archeji01_1911_CHC,1911_CHC_MLB,1911,H,R,B,C,9,1,1,C,1,15,11,LLLL-------
branski01,branski01_1911_CHC,1911_CHC_MLB,1911,H,R,D,D,9,0,0,D,0,20,6,-L---------
chancfr01,chancfr01_1911_CHC,1911_CHC_MLB,1911,H,R,B,D,14,0,1,B,1,18,14,LLLL----L--
collibi02,collibi02_1911_CHC,1911_CHC_MLB,1911,H,S,C,D,16,0,0,B,1,19,13,----LL-----
doyleji01,doyleji01_1911_CHC,1911_CHC_MLB,1911,H,R,A,C,12,1,1,B,1,15,13,LLLLLLL----
eversjo01,eversjo01_1911_CHC,1911_CHC_MLB,1911,H,L,A,B,15,0,0,C,1,15,9,LLLLLLLLOOO
goodwi01,goodwi01_1911_CHC,1911_CHC_MLB,1911,H,L,B,C,17,0,1,B,1,15,8,LLLLLLLOOOL
grahape01,grahape01_1911_CHC,1911_CHC_MLB,1911,H,R,B,B,9,0,0,C,1,15,11,LLLL----L--
hofmaso01,hofmaso01_1911_CHC,1911_CHC_MLB,1911,H,R,A,B,14,1,1,A,1,15,13,LLLLLLLLL-L
needhto01,needhto01_1911_CHC,1911_CHC_MLB,1911,H,R,D,D,9,0,0,C,1,20,11,--L--------
saiervi01,saiervi01_1911_CHC,1911_CHC_MLB,1911,H,L,A,D,13,0,0,B,1,15,11,LLLLLLL--O-
schulfr01,schulfr01_1911_CHC,1911_CHC_MLB,1911,H,L,A,B,15,1,1,B,1,15,8,LLLLLLLOOLO
sheanda01,sheanda01_1911_CHC,1911_CHC_MLB,1911,H,R,B,C,13,0,0,C,1,15,8,LLLLLLLOOLO
sheckji01,sheckji01_1911_CHC,1911_CHC_MLB,1911,H,L,A,B,15,0,1,A,1,15,11,LLLLLL--LOO
tinkejo01,tinkejo01_1911_CHC,1911_CHC_MLB,1911,H,R,A,B,15,1,1,B,1,15,8,LLLLLLLOOOL
zimmehe01,zimmehe01_1911_CHC,1911_CHC_MLB,1911,H,R,A,C,15,1,1,B,1,15,11,LLLLLLLL-O-
almeira01,almeira01_1911_CIN,1911_CIN_MLB,1911,H,R,A,D,14,0,0,D,1,15,3,LLLLOOOOOLL
altizda01,altizda01_1911_CIN,1911_CIN_MLB,1911,H,L,C,B,13,0,0,D,1,15,6,LLLLLLOOOOL
batesjo02,batesjo02_1911_CIN,1911_CIN_MLB,1911,H,L,A,B,15,0,0,A,1,15,8,LLLLLLLOOLO
beschbo01,beschbo01_1911_CIN,1911_CIN_MLB,1911,H,S,A,C,17,0,0,AA,1,19,15,LLLLL-----L
clarkto01,clarkto01_1911_CIN,1911_CIN_MLB,1911,H,R,A,C,9,0,1,C,1,15,11,--LLL------
downeto01,downeto01_1911_CIN,1911_CIN_MLB,1911,H,R,A,B,12,0,0,C,1,15,7,LLLLLLOOOLL
egandi01,egandi01_1911_CIN,1911_CIN_MLB,1911,H,R,A,B,15,0,0,AA,1,18,14,-LLLL------
esmonji01,esmonji01_1911_CIN,1911_CIN_MLB,1911,H,R,D,D,13,1,0,B,1,16,12,LLLL----L--
granted01,granted01_1911_CIN,1911_CIN_MLB,1911,H,L,A,C,14,0,0,A,1,15,13,LLLLLLLLLLL
hoblidi01,hoblidi01_1911_CIN,1911_CIN_MLB,1911,H,R,A,B,14,1,1,A,1,15,11,LLLLLLLLLOO
marsaar01,marsaar01_1911_CIN,1911_CIN_MLB,1911,H,R,B,B,16,0,0,C,1,15,11,LLLLLLLLOLO
mcleala01,mcleala01_1911_CIN,1911_CIN_MLB,1911,H,R,C,B,8,0,0,E,0,13,5,--L-------O
mitchmi01,mitchmi01_1911_CIN,1911_CIN_MLB,1911,H,R,A,B,14,0,1,A,1,15,13,LLLLLLLLLLL
severha01,severha01_1911_CIN,1911_CIN_MLB,1911,H,R,D,C,9,0,0,E,0,0,0,-----------
beckebe01,beckebe01_1911_NYG,1911_NYG_MLB,1911,H,L,C,C,15,0,1,B,1,15,9,LLLLLLLOOLL
burnsge01,burnsge01_1911_NYG,1911_NYG_MLB,1911,H,R,D,C,14,0,0,E,0,3,1,LLLLLLLLLLL
devliar01,devliar01_1911_NYG,1911_NYG_MLB,1911,H,R,A,B,11,0,0,C,1,15,9,LLLLLLLOOLL
devorjo01,devorjo01_1911_NYG,1911_NYG_MLB,1911,H,L,C,C,17,1,0,AA,1,15,11,LLLLLLLLLOO
doylela01,doylela01_1911_NYG,1911_NYG_MLB,1911,H,L,A,B,16,1,1,A,1,15,11,LLLLLLLLLOO
fletcar01,fletcar01_1911_NYG,1911_NYG_MLB,1911,H,R,A,B,14,0,1,B,1,15,8,LLLLLLLOOLO
hartlgr01,hartlgr01_1911_NYG,1911_NYG_MLB,1911,H,R,C,C,10,0,0,D,1,15,8,LLLLLLLOOLO
herzobu01,herzobu01_1911_NYG,1911_NYG_MLB,1911,H,R,A,B,16,1,1,AA,1,15,13,LLLLLLLLLLL
merklfr01,merklfr01_1911_NYG,1911_NYG_MLB,1911,H,R,A,C,16,0,1,AA,1,17,15,LLLLLL----L
meyerch01,meyerch01_1911_NYG,1911_NYG_MLB,1911,H,R,B,C,8,1,0,C,0,16,6,----L------
murrare01,murrare01_1911_NYG,1911_NYG_MLB,1911,H,R,B,B,17,1,1,AA,1,17,15,LLLLLL----L
snodgfr01,snodgfr01_1911_NYG,1911_NYG_MLB,1911,H,R,A,C,17,0,0,A,1,15,8,LLLLLLLOOLO
wilsoar01,wilsoar01_1911_NYG,1911_NYG_MLB,1911,H,R,C,C,10,1,1,B,1,17,12,----LL-----
beckfr02,beckfr02_1911_PHI,1911_PHI_MLB,1911,H,L,B,C,10,1,1,D,1,15,6,-LLLLL-OOO-
cottedi01,cottedi01_1911_PHI,1911_PHI_MLB,1911,H,R,D,D,9,0,0,D,0,20,6,-L---------
dooinre01,dooinre01_1911_PHI,1911_PHI_MLB,1911,H,R,A,B,10,0,1,D,1,15,7,LLLLLLOO-L-
doolami01,doolami01_1911_PHI,1911_PHI_MLB,1911,H,R,A,C,12,0,0,B,1,17,11,-LLL-------
knabeot01,knabeot01_1911_PHI,1911_PHI_MLB,1911,H,R,A,B,14,1,0,A,1,15,13,LLLLLL----L
loberha01,loberha01_1911_PHI,1911_PHI_MLB,1911,H,R,A,B,15,1,1,A,1,15,9,LLLLLLLLOOL
luderfr01,luderfr01_1911_PHI,1911_PHI_MLB,1911,H,L,A,D,10,1,1,C,0,13,6,--LL------O
maddebu01,maddebu01_1911_PHI,1911_PHI_MLB,1911,H,R,D,D,8,0,0,E,0,3,1,LLLLLLLLLLL
mageesh01,mageesh01_1911_PHI,1911_PHI_MLB,1911,H,R,A,B,15,1,1,A,1,15,9,LLLLLLLLOOO
moranpa01,moranpa01_1911_PHI,1911_PHI_MLB,1911,H,R,D,C,8,0,0,E,0,0,0,-----------
paskedo01,paskedo01_1911_PHI,1911_PHI_MLB,1911,H,R,A,B,17,0,1,A,1,15,11,LLLLLLL-O-L
spenctu01,spenctu01_1911_PHI,1911_PHI_MLB,1911,H,R,D,D,8,1,1,E,0,0,0,-----------
thomaro01,thomaro01_1911_PHI,1911_PHI_MLB,1911,H,L,B,D,10,0,0,E,0,0,0,-----------
titusjo01,titusjo01_1911_PHI,1911_PHI_MLB,1911,H,L,C,B,10,1,1,C,0,13,6,--LLL---O--
walshji01,walshji01_1911_PHI,1911_PHI_MLB,1911,H,R,A,C,11,0,1,C,1,15,8,LLLLL--LO--
welchha01,welchha01_1911_PHI,1911_PHI_MLB,1911,H,L,D,C,12,0,0,E,0,3,1,LLLLLLLLLL-
byrnebo01,byrnebo01_1911_PIT,1911_PIT_MLB,1911,H,R,B,B,14,0,1,B,1,15,7,LLLLLLOOOLL
campbvi01,campbvi01_1911_PIT,1911_PIT_MLB,1911,H,L,C,B,17,0,0,C,1,15,8,LLLLLLLOOLO
careyma01,careyma01_1911_PIT,1911_PIT_MLB,1911,H,S,A,C,17,1,1,A,1,18,14,-LLLL------
clarkfr01,clarkfr01_1911_PIT,1911_PIT_MLB,1911,H,L,A,B,12,0,1,C,1,15,7,LLLLLLLOO-L
flynnjo03,flynnjo03_1911_PIT,1911_PIT_MLB,1911,H,R,C,D,9,0,0,E,0,3,1,LLLLLLLLL--
gibsoge01,gibsoge01_1911_PIT,1911_PIT_MLB,1911,H,R,D,B,9,0,0,D,0,13,6,-----L----O
huntene01,huntene01_1911_PIT,1911_PIT_MLB,1911,H,R,A,D,13,0,1,C,1,15,9,LLLLLLLOOLL
leachto01,leachto01_1911_PIT,1911_PIT_MLB,1911,H,R,A,B,14,1,1,A,1,18,13,LLLL-----L-
mccaral01,mccaral01_1911_PIT,1911_PIT_MLB,1911,H,R,A,D,11,0,1,C,1,15,12,LLLLL----L-
mckecbi01,mckecbi01_1911_PIT,1911_PIT_MLB,1911,H,S,A,B,12,0,1,B,1,15,12,-LLLLL-----
milledo02,milledo02_1911_PIT,1911_PIT_MLB,1911,H,R,A,C,12,1,1,B,1,15,9,LLLLLLLLOOL
simonmi01,simonmi01_1911_PIT,1911_PIT_MLB,1911,H,R,C,B,8,0,0,E,0,20,6,L----------
wagneho01,wagneho01_1911_PIT,1911_PIT_MLB,1911,H,R,A,B,14,1,1,B,1,15,9,LLLLLLLLOLO
wilsoch01,wilsoch01_1911_PIT,1911_PIT_MLB,1911,H,L,A,C,11,0,1,C,1,15,11,--LLL------
blissja01,blissja01_1911_STL,1911_STL_MLB,1911,H,R,A,C,10,1,0,D,1,15,6,LLLLL--OOLO
bresnro01,bresnro01_1911_STL,1911_STL_MLB,1911,H,R,C,B,11,1,1,D,1,15,5,LLLLL-OO---
ellisru01,ellisru01_1911_STL,1911_STL_MLB,1911,H,L,A,B,12,0,1,D,1,15,4,LLLLLOOOOLO
evansst01,evansst01_1911_STL,1911_STL_MLB,1911,H,L,A,C,14,0,1,B,1,17,6,-----L-----
hausear01,hausear01_1911_STL,1911_STL_MLB,1911,H,R,A,B,16,1,1,A,1,15,9,LLLLLLLLOOO
huggimi01,huggimi01_1911_STL,1911_STL_MLB,1911,H,S,A,C,17,0,0,A,1,15,13,LLLLLLLLLL-
koneted01,koneted01_1911_STL,1911_STL_MLB,1911,H,R,A,C,14,1,1,A,1,15,9,LLLLLLLLOOL
mageele01,mageele01_1911_STL,1911_STL_MLB,1911,H,S,D,C,15,0,0,D,1,15,6,LLLLLLOOOOL
mcivoot01,mcivoot01_1911_STL,1911_STL_MLB,1911,H,S,D,D,14,1,1,E,0,3,1,LLLLLLLLL--
mowremi01,mowremi01_1911_STL,1911_STL_MLB,1911,H,R,A,C,12,0,0,B,1,15,8,LLLLLLLOOLL
oakesre01,oakesre01_1911_STL,1911_STL_MLB,1911,H,L,A,B,14,0,0,B,1,15,7,LLLLLLLOOOO
smithwa01,smithwa01_1911_STL,1911_STL_MLB,1911,H,R,B,D,14,0,1,C,1,15,8,LLLLLLLOOLO
wiliede01,wiliede01_1911_STL,1911_STL_MLB,1911,H,L,D,D,13,0,0,B,1,15,11,LLLLLLLLLOO
wingoiv01,wingoiv01_1911_STL,1911_STL_MLB,1911,H,L,D,C,9,0,0,E,0,0,0,-----------
cicoted01,cicoted01_1911_BOS,1911_BOS_MLB,1911,P,S,B,D,10,0,0,E,0,0,0,-----------
collira01,collira01_1911_BOS,1911_BOS_MLB,1911,P,L,B,D,10,0,0,E,0,0,0,-----------
hallch02,hallch02_1911_BOS,1911_BOS_MLB,1911,P,L,A,D,10,1,1,E,0,0,0,-----------
kargeed01,kargeed01_1911_BOS,1911_BOS_MLB,1911,P,R,D,D,10,1,1,E,0,0,0,-----------
killija01,killija01_1911_BOS,1911_BOS_MLB,1911,P,R,D,D,10,0,0,E,0,0,0,-----------
nagleju01,nagleju01_1911_BOS,1911_BOS_MLB,1911,P,R,C,D,10,0,0,E,0,0,0,-----------
o'bribu01,o'bribu01_1911_BOS,1911_BOS_MLB,1911,P,R,D,D,10,0,0,E,0,0,0,-----------
papela01,papela01_1911_BOS,1911_BOS_MLB,1911,P,R,B,D,10,0,0,E,0,0,0,-----------
woodjo02,woodjo02_1911_BOS,1911_BOS_MLB,1911,P,R,B,D,13,1,1,D,0,20,6,L----------
bakerje01,bakerje01_1911_CHW,1911_CHW_MLB,1911,P,L,D,D,10,0,0,E,0,0,0,-----------
benzjo01,benzjo01_1911_CHW,1911_CHW_MLB,1911,P,R,D,D,10,0,0,E,0,0,0,-----------
hovlijo01,hovlijo01_1911_CHW,1911_CHW_MLB,1911,P,R,D,D,10,0,0,E,0,0,0,-----------
langefr01,langefr01_1911_CHW,1911_CHW_MLB,1911,P,R,D,D,13,0,0,E,0,3,1,LLLLLLL--L-
olmstfr01,olmstfr01_1911_CHW,1911_CHW_MLB,1911,P,R,D,D,10,0,0,E,0,0,0,-----------
scottji01,scottji01_1911_CHW,1911_CHW_MLB,1911,P,R,B,D,10,0,0,E,0,0,0,-----------
walshed01,walshed01_1911_CHW,1911_CHW_MLB,1911,P,R,C,D,10,0,0,E,0,0,0,-----------
whitedo01,whitedo01_1911_CHW,1911_CHW_MLB,1911,P,L,B,D,14,0,0,D,0,13,6,LLLL---O-LL
youngir01,youngir01_1911_CHW,1911_CHW_MLB,1911,P,L,D,D,10,0,0,E,0,0,0,-----------
blandfr01,blandfr01_1911_CLE,1911_CLE_MLB,1911,P,R,D,D,14,0,0,C,1,20,11,--L--------
falkecy01,falkecy01_1911_CLE,1911_CLE_MLB,1911,P,R,A,D,13,0,0,C,1,20,11,--L--------
greggve01,greggve01_1911_CLE,1911_CLE_MLB,1911,P,R,B,D,10,0,0,E,0,0,0,-----------
harknsp01,harknsp01_1911_CLE,1911_CLE_MLB,1911,P,R,D,D,10,0,0,E,0,0,0,-----------
jamesbi01,jamesbi01_1911_CLE,1911_CLE_MLB,1911,P,S,C,D,10,0,0,E,0,0,0,-----------
kahlege01,kahlege01_1911_CLE,1911_CLE_MLB,1911,P,R,B,D,12,0,0,D,1,20,11,-L---------
krappge01,krappge01_1911_CLE,1911_CLE_MLB,1911,P,R,C,D,13,0,0,E,0,0,0,-----------
mitchwi01,mitchwi01_1911_CLE,1911_CLE_MLB,1911,P,R,C,D,12,0,0,E,0,0,0,-----------
westhi01,westhi01_1911_CLE,1911_CLE_MLB,1911,P,R,D,D,10,0,0,E,0,0,0,-----------
youngcy01,youngcy01_1911_CLE,1911_CLE_MLB,1911,P,R,A,D,10,0,0,E,0,0,0,-----------
covinte01,covinte01_1911_DET,1911_DET_MLB,1911,P,L,D,D,10,0,0,E,0,0,0,-----------
donovbi01,donovbi01_1911_DET,1911_DET_MLB,1911,P,S,D,D,14,1,1,D,1,15,7,LLLLL-O--L-
lafited01,lafited01_1911_DET,1911_DET_MLB,1911,P,R,D,D,10,1,1,E,0,0,0,-----------
livelja01,livelja01_1911_DET,1911_DET_MLB,1911,P,R,D,D,10,0,0,E,0,0,0,-----------
mullige01,mullige01_1911_DET,1911_DET_MLB,1911,P,R,D,D,13,0,0,D,0,20,6,L----------
summeed01,summeed01_1911_DET,1911_DET_MLB,1911,P,S,B,D,10,0,0,E,0,0,0,-----------
taylowi01,taylowi01_1911_DET,1911_DET_MLB,1911,P,R,C,D,10,0,0,E,0,0,0,-----------
willeed01,willeed01_1911_DET,1911_DET_MLB,1911,P,R,D,D,14,1,1,D,0,20,6,-L---------
worksra01,worksra01_1911_DET,1911_DET_MLB,1911,P,L,D,D,10,0,0,E,0,0,0,-----------
brockle01,brockle01_1911_NYY,1911_NYY_MLB,1911,P,R,D,D,12,0,0,D,0,20,6,-L---------
fishera01,fishera01_1911_NYY,1911_NYY_MLB,1911,P,R,B,D,10,1,1,E,0,0,0,-----------
fordru01,fordru01_1911_NYY,1911_NYY_MLB,1911,P,R,C,D,14,0,0,D,0,20,6,--L--------
hoffre01,hoffre01_1911_NYY,1911_NYY_MLB,1911,P,L,D,D,13,0,0,C,1,20,11,--L--------
quinnja01,quinnja01_1911_NYY,1911_NYY_MLB,1911,P,R,D,D,12,1,1,D,0,20,6,-L---------
vaughhi01,vaughhi01_1911_NYY,1911_NYY_MLB,1911,P,S,C,D,12,0,0,D,0,20,6,-L---------
warhoja01,warhoja01_1911_NYY,1911_NYY_MLB,1911,P,R,D,D,14,0,0,E,0,3,1,LLLLLLLLLLL
bendech01,bendech01_1911_PHA,1911_PHA_MLB,1911,P,R,B,D,13,0,0,C,1,20,11,--L--------
coombja01,coombja01_1911_PHA,1911_PHA_MLB,1911,P,S,C,D,14,1,1,B,1,16,12,--LLL------
danfoda01,danfoda01_1911_PHA,1911_PHA_MLB,1911,P,L,C,D,10,0,0,E,0,0,0,-----------
krausha01,krausha01_1911_PHA,1911_PHA_MLB,1911,P,S,B,D,10,0,0,E,0,0,0,-----------
leonael01,leonael01_1911_PHA,1911_PHA_MLB,1911,P,R,C,D,10,0,0,E,0,0,0,-----------
martido01,martido01_1911_PHA,1911_PHA_MLB,1911,P,R,D,D,10,0,0,E,0,0,0,-----------
morgacy01,morgacy01_1911_PHA,1911_PHA_MLB,1911,P,R,C,D,10,0,0,E,0,0,0,-----------
planked01,planked01_1911_PHA,1911_PHA_MLB,1911,P,L,B,D,10,0,0,E,0,0,0,-----------
russele01,russele01_1911_PHA,1911_PHA_MLB,1911,P,L,D,D,10,0,0,E,0,0,0,-----------
bailebi01,bailebi01_1911_SLB,1911_SLB_MLB,1911,P,L,D,D,10,0,0,E,0,0,0,-----------
georgle01,georgle01_1911_SLB,1911_SLB_MLB,1911,P,L,C,D,12,0,0,E,0,0,0,-----------
hamilea01,hamilea01_1911_SLB,1911_SLB_MLB,1911,P,L,D,D,10,0,0,E,0,0,0,-----------
hawked01,hawked01_1911_SLB,1911_SLB_MLB,1911,P,L,D,D,10,0,0,E,0,0,0,-----------
lakejo01,lakejo01_1911_SLB,1911_SLB_MLB,1911,P,R,D,D,10,0,0,E,0,0,0,-----------
mitchro01,mitchro01_1911_SLB,1911_SLB_MLB,1911,P,R,D,D,10,0,0,E,0,0,0,-----------
moserwa01,moserwa01_1911_SLB,1911_SLB_MLB,1911,P,R,C,D,10,0,0,E,0,0,0,-----------
nelsore01,nelsore01_1911_SLB,1911_SLB_MLB,1911,P,R,D,D,10,0,0,E,0,0,0,-----------
peltyba01,peltyba01_1911_SLB,1911_SLB_MLB,1911,P,R,C,D,10,0,0,E,0,0,0,-----------
powelja01,powelja01_1911_SLB,1911_SLB_MLB,1911,P,R,B,D,10,0,0,E,0,0,0,-----------
beckech01,beckech01_1911_WSH,1911_WSH_MLB,1911,P,L,D,D,10,0,0,E,0,0,0,-----------
cashica01,cashica01_1911_WSH,1911_WSH_MLB,1911,P,L,D,D,10,0,0,E,0,0,0,-----------
graydo01,graydo01_1911_WSH,1911_WSH_MLB,1911,P,L,D,D,10,0,0,E,0,0,0,-----------
groombo01,groombo01_1911_WSH,1911_WSH_MLB,1911,P,R,B,D,10,0,0,E,0,0,0,-----------
hugheto01,hugheto01_1911_WSH,1911_WSH_MLB,1911,P,R,C,D,12,1,1,E,0,3,1,LLLLLLLLLLL
johnswa01,johnswa01_1911_WSH,1911_WSH_MLB,1911,P,R,B,D,14,1,1,E,0,20,6,-L---------
oteybi01,oteybi01_1911_WSH,1911_WSH_MLB,1911,P,L,D,D,10,0,0,E,0,0,0,-----------
sherrfr01,sherrfr01_1911_WSH,1911_WSH_MLB,1911,P,R,D,D,10,0,0,E,0,0,0,-----------
walkedi01,walkedi01_1911_WSH,1911_WSH_MLB,1911,P,L,D,D,12,0,0,E,0,0,0,-----------
bellge01,bellge01_1911_BRO,1911_BRO_MLB,1911,P,R,D,D,10,0,0,E,0,0,0,-----------
burksa01,burksa01_1911_BRO,1911_BRO_MLB,1911,P,R,C,D,10,0,0,E,0,0,0,-----------
dented01,dented01_1911_BRO,1911_BRO_MLB,1911,P,R,D,D,10,0,0,E,0,0,0,-----------
knetzel01,knetzel01_1911_BRO,1911_BRO_MLB,1911,P,R,A,D,10,0,0,E,0,0,0,-----------
raganpa01,raganpa01_1911_BRO,1911_BRO_MLB,1911,P,R,D,D,10,0,0,E,0,0,0,-----------
ruckena01,ruckena01_1911_BRO,1911_BRO_MLB,1911,P,R,B,D,10,1,1,E,0,0,0,-----------
scanldo01,scanldo01_1911_BRO,1911_BRO_MLB,1911,P,L,C,D,10,0,0,E,0,0,0,-----------
scharbi01,scharbi01_1911_BRO,1911_BRO_MLB,1911,P,R,B,D,10,0,0,E,0,0,0,-----------
steelel01,steelel01_1911_BRO,1911_BRO_MLB,1911,P,S,D,D,12,0,0,D,0,20,6,-L---------
brownbu01,brownbu01_1911_BSN,1911_BSN_MLB,1911,P,R,B,D,10,1,1,E,0,0,0,-----------
donneed01,donneed01_1911_BSN,1911_BSN_MLB,1911,P,R,D,D,10,0,0,E,0,0,0,-----------
griffha01,griffha01_1911_BSN,1911_BSN_MLB,1911,P,R,D,D,10,0,0,E,0,0,0,-----------
matteal01,matteal01_1911_BSN,1911_BSN_MLB,1911,P,L,A,D,13,0,0,D,0,20,6,-L---------
mctigbi01,mctigbi01_1911_BSN,1911_BSN_MLB,1911,P,L,D,D,10,0,0,E,0,0,0,-----------
perduhu01,perduhu01_1911_BSN,1911_BSN_MLB,1911,P,R,B,D,10,0,0,E,0,0,0,-----------
pfeffbi01,pfeffbi01_1911_BSN,1911_BSN_MLB,1911,P,R,D,D,10,1,1,E,0,0,0,-----------
tylerle01,tylerle01_1911_BSN,1911_BSN_MLB,1911,P,L,C,D,10,0,0,E,0,0,0,-----------
weaveor01,weaveor01_1911_BSN,1911_BSN_MLB,1911,P,R,C,D,10,0,0,E,0,0,0,-----------
youngcy01,youngcy01_1911_BSN,1911_BSN_MLB,1911,P,R,A,D,10,0,0,E,0,0,0,-----------
brownmo01,brownmo01_1911_CHC,1911_CHC_MLB,1911,P,S,C,D,10,0,0,E,0,0,0,-----------
coleki01,coleki01_1911_CHC,1911_CHC_MLB,1911,P,R,B,D,13,0,0,D,1,15,8,LLLLLLL----
mcintha01,mcintha01_1911_CHC,1911_CHC_MLB,1911,P,R,B,D,10,0,0,E,0,0,0,-----------
pfiesja01,pfiesja01_1911_CHC,1911_CHC_MLB,1911,P,R,C,D,10,0,0,E,0,0,0,-----------
reulbed01,reulbed01_1911_CHC,1911_CHC_MLB,1911,P,R,A,D,10,0,0,E,0,0,0,-----------
richile01,richile01_1911_CHC,1911_CHC_MLB,1911,P,R,C,D,10,0,0,E,0,0,0,-----------
richtre01,richtre01_1911_CHC,1911_CHC_MLB,1911,P,R,D,D,10,0,0,E,0,0,0,-----------
rowanja01,rowanja01_1911_CHC,1911_CHC_MLB,1911,P,R,C,D,10,0,0,E,0,0,0,-----------
smithch02,smithch02_1911_CHC,1911_CHC_MLB,1911,P,R,C,D,10,0,0,E,0,0,0,-----------
toneyfr01,toneyfr01_1911_CHC,1911_CHC_MLB,1911,P,R,B,D,10,0,0,E,0,0,0,-----------
bentoru01,bentoru01_1911_CIN,1911_CIN_MLB,1911,P,R,B,D,10,0,0,E,0,0,0,-----------
boydra01,boydra01_1911_CIN,1911_CIN_MLB,1911,P,R,C,D,10,0,0,E,0,0,0,-----------
comptja01,comptja01_1911_CIN,1911_CIN_MLB,1911,P,R,C,D,10,0,0,E,0,0,0,-----------
frommar01,frommar01_1911_CIN,1911_CIN_MLB,1911,P,R,B,D,12,0,0,D,0,20,6,-L---------
gaspaha01,gaspaha01_1911_CIN,1911_CIN_MLB,1911,P,R,D,D,10,0,0,E,0,0,0,-----------
humphbe01,humphbe01_1911_CIN,1911_CIN_MLB,1911,P,R,C,D,12,0,0,E,0,0,0,-----------
keefebo01,keefebo01_1911_CIN,1911_CIN_MLB,1911,P,R,B,D,10,0,0,E,0,0,0,-----------
mcquige01,mcquige01_1911_CIN,1911_CIN_MLB,1911,P,R,D,D,10,0,0,E,0,0,0,-----------
smithfr03,smithfr03_1911_CIN,1911_CIN_MLB,1911,P,R,A,D,12,0,0,E,0,0,0,-----------
suggsge01,suggsge01_1911_CIN,1911_CIN_MLB,1911,P,R,C,D,13,0,0,E,0,3,1,LLLLLLLLLLL
amesre01,amesre01_1911_NYG,1911_NYG_MLB,1911,P,S,B,D,10,0,0,E,0,0,0,-----------
drucklo01,drucklo01_1911_NYG,1911_NYG_MLB,1911,P,R,D,D,12,0,0,E,0,0,0,-----------
marquru01,marquru01_1911_NYG,1911_NYG_MLB,1911,P,S,B,D,12,1,1,E,0,0,0,-----------
mathech01,mathech01_1911_NYG,1911_NYG_MLB,1911,P,R,B,D,13,0,0,E,0,20,6,--L--------
maxwebe01,maxwebe01_1911_NYG,1911_NYG_MLB,1911,P,S,C,D,10,0,0,E,0,0,0,-----------
raymobu01,raymobu01_1911_NYG,1911_NYG_MLB,1911,P,R,B,D,10,0,0,E,0,0,0,-----------
wiltsho01,wiltsho01_1911_NYG,1911_NYG_MLB,1911,P,R,D,D,12,0,0,E,0,0,0,-----------
alexape01,alexape01_1911_PHI,1911_PHI_MLB,1911,P,R,D,D,14,0,0,E,0,20,6,-L---------
beebefr01,beebefr01_1911_PHI,1911_PHI_MLB,1911,P,R,D,D,13,0,0,E,0,0,0,-----------
burnsbi01,burnsbi01_1911_PHI,1911_PHI_MLB,1911,P,S,D,D,10,0,0,E,0,0,0,-----------
chalmge01,chalmge01_1911_PHI,1911_PHI_MLB,1911,P,R,C,D,10,0,0,E,0,0,0,-----------
curticl01,curticl01_1911_PHI,1911_PHI_MLB,1911,P,R,C,D,10,0,0,E,0,0,0,-----------
ewingbo01,ewingbo01_1911_PHI,1911_PHI_MLB,1911,P,R,C,D,10,0,0,E,0,0,0,-----------
mooreea01,mooreea01_1911_PHI,1911_PHI_MLB,1911,P,R,C,D,10,0,0,E,0,0,0,-----------
shultto01,shultto01_1911_PHI,1911_PHI_MLB,1911,P,R,C,D,10,0,0,E,0,0,0,-----------
stacked01,stacked01_1911_PHI,1911_PHI_MLB,1911,P,R,D,D,10,0,0,E,0,0,0,-----------
adamsba01,adamsba01_1911_PIT,1911_PIT_MLB,1911,P,L,D,D,10,0,0,E,0,0,0,-----------
camniho01,camniho01_1911_PIT,1911_PIT_MLB,1911,P,R,A,D,10,0,0,E,0,0,0,-----------
ferryja01,ferryja01_1911_PIT,1911_PIT_MLB,1911,P,R,C,D,10,0,0,E,0,0,0,-----------
gardnha01,gardnha01_1911_PIT,1911_PIT_MLB,1911,P,R,D,D,10,0,0,E,0,0,0,-----------
hendrcl01,hendrcl01_1911_PIT,1911_PIT_MLB,1911,P,R,D,D,13,0,0,E,0,0,0,-----------
leifile01,leifile01_1911_PIT,1911_PIT_MLB,1911,P,L,B,D,14,0,0,D,1,15,3,OLLLLOOOOOO
nagleju01,nagleju01_1911_PIT,1911_PIT_MLB,1911,P,R,C,D,10,0,0,E,0,0,0,-----------
o'tooma01,o'tooma01_1911_PIT,1911_PIT_MLB,1911,P,R,D,D,10,0,0,E,0,0,0,-----------
robinha01,robinha01_1911_PIT,1911_PIT_MLB,1911,P,R,C,D,10,0,0,E,0,0,0,-----------
dalege01,dalege01_1911_STL,1911_STL_MLB,1911,P,R,C,D,10,0,0,E,0,0,0,-----------
geyerru01,geyerru01_1911_STL,1911_STL_MLB,1911,P,R,C,D,12,0,0,E,0,3,1,LLLLLLLLLLL
goldero01,goldero01_1911_STL,1911_STL_MLB,1911,P,R,D,D,10,0,0,E,0,0,0,-----------
harmobo01,harmobo01_1911_STL,1911_STL_MLB,1911,P,S,A,D,14,0,0,D,0,20,6,-L---------
lowdegr01,lowdegr01_1911_STL,1911_STL_MLB,1911,P,R,C,D,10,0,0,E,0,0,0,-----------
lowdelo01,lowdelo01_1911_STL,1911_STL_MLB,1911,P,R,D,D,10,0,0,E,0,0,0,-----------
sallesl01,sallesl01_1911_STL,1911_STL_MLB,1911,P,L,B,D,10,0,0,E,0,0,0,-----------
steelbi01,steelbi01_1911_STL,1911_STL_MLB,1911,P,R,B,D,10,0,0,E,0,0,0,-----------
woodbge01,woodbge01_1911_STL,1911_STL_MLB,1911,P,R,C,D,10,0,0,E,0,0,0,-----------